{"stats":{"minecraft:crafted":{"minecraft:oak_planks":116,"minecraft:crafting_table":2,"minecraft:stick":4,"minecraft:wooden_pickaxe":1,"minecraft:stone_sword":1,"minecraft:wooden_axe":1,"minecraft:furnace":1,"minecraft:stone_hoe":1},"minecraft:broken":{"minecraft:wooden_axe":1},"minecraft:used":{"minecraft:wooden_axe":17,"minecraft:stone_sword":20,"minecraft:apple":1,"minecraft:flint_and_steel":11,"minecraft:baked_potato":1,"minecraft:bread":4,"minecraft:oak_planks":2,"minecraft:wooden_pickaxe":45,"minecraft:stone_hoe":19,"minecraft:golden_leggings":1,"minecraft:stone_axe":1,"minecraft:dirt":1,"minecraft:crafting_table":4},"minecraft:picked_up":{"minecraft:stick":12,"minecraft:crafting_table":2,"minecraft:feather":6,"minecraft:chicken":4,"minecraft:cooked_porkchop":9,"minecraft:yellow_wool":3,"minecraft:leather":3,"minecraft:gravel":1,"minecraft:porkchop":14,"minecraft:oak_log":34,"minecraft:lily_pad":1,"minecraft:spruce_sapling":2,"minecraft:spruce_log":6,"minecraft:dirt":3,"minecraft:apple":1,"minecraft:wheat_seeds":3,"minecraft:cartography_table":1,"minecraft:hay_block":19,"minecraft:beef":11,"minecraft:baked_potato":1,"minecraft:oak_sapling":16,"minecraft:sugar_cane":36,"minecraft:chest":1,"minecraft:coal":31,"minecraft:cobblestone":14},"minecraft:killed":{"minecraft:zombie":1,"minecraft:pig":11,"minecraft:chicken":4,"minecraft:cow":6},"minecraft:dropped":{"minecraft:wheat_seeds":3},"minecraft:mined":{"minecraft:hay_block":19,"minecraft:yellow_wool":3,"minecraft:fire":7,"minecraft:crafting_table":2,"minecraft:short_grass":26,"minecraft:grass_block":1,"minecraft:oak_log":4,"minecraft:coal_ore":31,"minecraft:dirt_path":2,"minecraft:chest":1,"minecraft:dead_bush":5,"minecraft:gravel":1,"minecraft:tall_grass":6,"minecraft:cartography_table":1,"minecraft:stone":14,"minecraft:lily_pad":1,"minecraft:sugar_cane":16},"minecraft:custom":{"minecraft:time_since_rest":6345,"minecraft:sprint_one_cm":59292,"minecraft:damage_taken":108,"minecraft:walk_one_cm":44741,"minecraft:mob_kills":23,"minecraft:drop":2,"minecraft:damage_dealt":1903,"minecraft:interact_with_crafting_table":4,"minecraft:swim_one_cm":41566,"minecraft:fly_one_cm":132778,"minecraft:open_chest":4,"minecraft:crouch_one_cm":1251,"minecraft:play_time":19696,"minecraft:sneak_time":674,"minecraft:walk_under_water_one_cm":2778,"minecraft:jump":636,"minecraft:leave_game":3,"minecraft:sleep_in_bed":1,"minecraft:time_since_death":19696,"minecraft:walk_on_water_one_cm":2949,"minecraft:climb_one_cm":96,"minecraft:total_world_time":19696,"minecraft:fall_one_cm":19678}},"DataVersion":3953}