{"stats":{"minecraft:mined":{"minecraft:white_bed":1,"minecraft:crafting_table":1,"minecraft:short_grass":3,"minecraft:grass_block":1,"minecraft:copper_ore":12,"minecraft:spruce_leaves":4,"minecraft:sugar_cane":2,"minecraft:large_fern":21,"minecraft:furnace":1,"minecraft:iron_ore":4,"minecraft:sweet_berry_bush":13,"minecraft:spruce_log":13,"minecraft:birch_leaves":1,"minecraft:coal_ore":69,"minecraft:sand":2,"minecraft:stone":26,"minecraft:fern":1},"minecraft:killed":{"minecraft:pig":12,"minecraft:skeleton":1,"minecraft:sheep":3,"minecraft:zombie":1,"minecraft:chicken":9,"minecraft:cow":10},"minecraft:custom":{"minecraft:interact_with_furnace":6,"minecraft:mob_kills":36,"minecraft:interact_with_crafting_table":8,"minecraft:leave_game":5,"minecraft:time_since_death":54171,"minecraft:sleep_in_bed":1,"minecraft:time_since_rest":13443,"minecraft:sprint_one_cm":135766,"minecraft:damage_taken":360,"minecraft:walk_one_cm":51851,"minecraft:drop":12,"minecraft:damage_dealt":3259,"minecraft:swim_one_cm":66181,"minecraft:fly_one_cm":218943,"minecraft:open_chest":3,"minecraft:crouch_one_cm":1771,"minecraft:play_time":54171,"minecraft:sneak_time":1253,"minecraft:walk_under_water_one_cm":6251,"minecraft:jump":987,"minecraft:walk_on_water_one_cm":4743,"minecraft:total_world_time":54171,"minecraft:fall_one_cm":27252},"minecraft:crafted":{"minecraft:oak_planks":64,"minecraft:cooked_porkchop":6,"minecraft:crafting_table":5,"minecraft:spruce_planks":52,"minecraft:wooden_pickaxe":1,"minecraft:cooked_chicken":1,"minecraft:furnace":1,"minecraft:birch_planks":20,"minecraft:cooked_mutton":5,"minecraft:air":0,"minecraft:stick":4,"minecraft:stone_pickaxe":1,"minecraft:wooden_axe":1,"minecraft:stone_sword":1,"minecraft:white_bed":1},"minecraft:used":{"minecraft:cooked_mutton":1,"minecraft:stone_sword":63,"minecraft:stone_pickaxe":55,"minecraft:spruce_planks":4,"minecraft:wooden_pickaxe":58,"minecraft:cooked_salmon":3,"minecraft:cooked_chicken":1,"minecraft:mutton":3,"minecraft:crafting_table":5,"minecraft:white_bed":1,"minecraft:wooden_axe":9,"minecraft:apple":1,"minecraft:stone_axe":5,"minecraft:cooked_cod":3,"minecraft:furnace":1,"minecraft:porkchop":1},"minecraft:broken":{"minecraft:wooden_pickaxe":1},"minecraft:dropped":{"minecraft:birch_sapling":5,"minecraft:rotten_flesh":4,"minecraft:filled_map":1,"minecraft:dirt":1,"minecraft:wooden_axe":1,"minecraft:sand":2,"minecraft:white_wool":2},"minecraft:picked_up":{"minecraft:birch_log":5,"minecraft:crafting_table":1,"minecraft:feather":11,"minecraft:chicken":9,"minecraft:leather":5,"minecraft:filled_map":1,"minecraft:oak_log":16,"minecraft:dirt":1,"minecraft:raw_copper":44,"minecraft:apple":1,"minecraft:wheat_seeds":2,"minecraft:beef":19,"minecraft:sugar_cane":5,"minecraft:birch_sapling":5,"minecraft:furnace":1,"minecraft:stick":11,"minecraft:raw_iron":4,"minecraft:sweet_berries":34,"minecraft:porkchop":21,"minecraft:sand":2,"minecraft:spruce_sapling":8,"minecraft:white_bed":1,"minecraft:spruce_log":34,"minecraft:arrow":1,"minecraft:rotten_flesh":2,"minecraft:oak_sapling":3,"minecraft:mutton":12,"minecraft:coal":61,"minecraft:white_wool":7,"minecraft:cobblestone":24}},"DataVersion":3953}