{"stats":{"minecraft:crafted":{"minecraft:crafting_table":1,"minecraft:spruce_planks":52,"minecraft:stick":4,"minecraft:wooden_axe":1},"minecraft:used":{"minecraft:wooden_axe":9,"minecraft:mutton":3,"minecraft:crafting_table":1,"minecraft:porkchop":1},"minecraft:killed":{"minecraft:pig":4},"minecraft:picked_up":{"minecraft:birch_log":5,"minecraft:stick":9,"minecraft:arrow":1,"minecraft:wheat_seeds":1,"minecraft:porkchop":5,"minecraft:oak_log":11,"minecraft:spruce_sapling":8,"minecraft:spruce_log":34,"minecraft:oak_sapling":3,"minecraft:mutton":3,"minecraft:birch_sapling":5,"minecraft:white_wool":2},"minecraft:custom":{"minecraft:time_since_rest":21427,"minecraft:crouch_one_cm":466,"minecraft:sprint_one_cm":46577,"minecraft:play_time":21427,"minecraft:damage_taken":60,"minecraft:walk_one_cm":11358,"minecraft:sneak_time":367,"minecraft:walk_under_water_one_cm":1056,"minecraft:mob_kills":4,"minecraft:jump":273,"minecraft:damage_dealt":410,"minecraft:leave_game":3,"minecraft:walk_on_water_one_cm":616,"minecraft:time_since_death":21427,"minecraft:total_world_time":21427,"minecraft:interact_with_crafting_table":1,"minecraft:swim_one_cm":31230,"minecraft:fall_one_cm":7816,"minecraft:fly_one_cm":63732},"minecraft:mined":{"minecraft:large_fern":16,"minecraft:short_grass":1,"minecraft:spruce_log":13,"minecraft:spruce_leaves":4,"minecraft:birch_leaves":1,"minecraft:fern":1}},"DataVersion":3953}