{"stats":{"minecraft:crafted":{"minecraft:oak_planks":116,"minecraft:crafting_table":1,"minecraft:stick":4,"minecraft:wooden_pickaxe":1,"minecraft:wooden_axe":1},"minecraft:used":{"minecraft:wooden_axe":1,"minecraft:apple":1,"minecraft:oak_planks":2,"minecraft:wooden_pickaxe":20,"minecraft:crafting_table":1},"minecraft:picked_up":{"minecraft:stick":5,"minecraft:feather":4,"minecraft:chicken":2,"minecraft:oak_log":29,"minecraft:apple":1,"minecraft:wheat_seeds":1,"minecraft:oak_sapling":12,"minecraft:sugar_cane":26,"minecraft:coal":8,"minecraft:cobblestone":12},"minecraft:killed":{"minecraft:chicken":2},"minecraft:mined":{"minecraft:short_grass":3,"minecraft:oak_log":4,"minecraft:coal_ore":8,"minecraft:tall_grass":5,"minecraft:stone":12,"minecraft:sugar_cane":12},"minecraft:dropped":{"minecraft:wheat_seeds":1},"minecraft:custom":{"minecraft:time_since_rest":7696,"minecraft:sprint_one_cm":18418,"minecraft:damage_taken":45,"minecraft:walk_one_cm":4790,"minecraft:mob_kills":2,"minecraft:drop":1,"minecraft:damage_dealt":80,"minecraft:interact_with_crafting_table":1,"minecraft:swim_one_cm":29088,"minecraft:fly_one_cm":47251,"minecraft:open_chest":1,"minecraft:crouch_one_cm":334,"minecraft:play_time":7696,"minecraft:sneak_time":405,"minecraft:walk_under_water_one_cm":1788,"minecraft:jump":180,"minecraft:leave_game":3,"minecraft:time_since_death":7696,"minecraft:walk_on_water_one_cm":1686,"minecraft:total_world_time":7696,"minecraft:fall_one_cm":4644}},"DataVersion":3953}