{"stats":{"minecraft:mined":{"minecraft:large_fern":16,"minecraft:white_bed":1,"minecraft:spruce_log":13,"minecraft:birch_leaves":1,"minecraft:short_grass":2,"minecraft:grass_block":1,"minecraft:coal_ore":40,"minecraft:sand":2,"minecraft:spruce_leaves":4,"minecraft:stone":14,"minecraft:fern":1},"minecraft:killed":{"minecraft:sheep":3,"minecraft:zombie":1,"minecraft:pig":5,"minecraft:chicken":1},"minecraft:custom":{"minecraft:time_since_rest":1443,"minecraft:interact_with_furnace":6,"minecraft:sprint_one_cm":77470,"minecraft:damage_taken":225,"minecraft:walk_one_cm":31568,"minecraft:mob_kills":10,"minecraft:drop":7,"minecraft:damage_dealt":1039,"minecraft:swim_one_cm":56841,"minecraft:interact_with_crafting_table":8,"minecraft:fly_one_cm":117676,"minecraft:open_chest":3,"minecraft:crouch_one_cm":841,"minecraft:play_time":42171,"minecraft:sneak_time":842,"minecraft:walk_under_water_one_cm":2516,"minecraft:jump":529,"minecraft:leave_game":5,"minecraft:walk_on_water_one_cm":2269,"minecraft:time_since_death":42171,"minecraft:sleep_in_bed":1,"minecraft:total_world_time":42171,"minecraft:fall_one_cm":13130},"minecraft:crafted":{"minecraft:oak_planks":64,"minecraft:cooked_porkchop":4,"minecraft:crafting_table":5,"minecraft:spruce_planks":52,"minecraft:stick":4,"minecraft:cooked_chicken":1,"minecraft:wooden_pickaxe":1,"minecraft:stone_pickaxe":1,"minecraft:wooden_axe":1,"minecraft:stone_sword":1,"minecraft:furnace":1,"minecraft:white_bed":1,"minecraft:birch_planks":20,"minecraft:cooked_mutton":5,"minecraft:air":0},"minecraft:used":{"minecraft:wooden_axe":9,"minecraft:stone_sword":8,"minecraft:stone_pickaxe":5,"minecraft:spruce_planks":4,"minecraft:wooden_pickaxe":50,"minecraft:cooked_salmon":2,"minecraft:stone_axe":4,"minecraft:mutton":3,"minecraft:crafting_table":5,"minecraft:furnace":1,"minecraft:porkchop":1,"minecraft:cooked_cod":3,"minecraft:white_bed":1},"minecraft:dropped":{"minecraft:dirt":1,"minecraft:wooden_axe":1,"minecraft:sand":2,"minecraft:white_wool":2,"minecraft:filled_map":1},"minecraft:picked_up":{"minecraft:birch_log":5,"minecraft:stick":11,"minecraft:feather":1,"minecraft:chicken":1,"minecraft:filled_map":1,"minecraft:porkchop":7,"minecraft:sand":2,"minecraft:white_bed":1,"minecraft:oak_log":16,"minecraft:spruce_sapling":8,"minecraft:spruce_log":34,"minecraft:dirt":1,"minecraft:arrow":1,"minecraft:rotten_flesh":2,"minecraft:apple":1,"minecraft:wheat_seeds":1,"minecraft:oak_sapling":3,"minecraft:birch_sapling":5,"minecraft:mutton":8,"minecraft:coal":40,"minecraft:white_wool":5,"minecraft:cobblestone":13}},"DataVersion":3953}