{"stats":{"minecraft:crafted":{"minecraft:spruce_planks":4},"minecraft:used":{"minecraft:mutton":1},"minecraft:picked_up":{"minecraft:spruce_log":2,"minecraft:brown_wool":1,"minecraft:mutton":1},"minecraft:custom":{"minecraft:jump":27,"minecraft:time_since_rest":2968,"minecraft:damage_dealt":175,"minecraft:leave_game":1,"minecraft:sprint_one_cm":11138,"minecraft:play_time":2968,"minecraft:damage_taken":200,"minecraft:time_since_death":2968,"minecraft:walk_one_cm":14612,"minecraft:total_world_time":2968,"minecraft:fall_one_cm":627,"minecraft:fly_one_cm":5403},"minecraft:mined":{"minecraft:spruce_log":2}},"DataVersion":3953}